sample,http://purl.obolibrary.org/obo/GO_0009089,http://purl.obolibrary.org/obo/GO_0009086,http://purl.obolibrary.org/obo/GO_0006529,http://purl.obolibrary.org/obo/GO_0019281
file:/home/kai/Desktop/grad_school/marmic/master_thesis/kblumberg_masters_thesis/datastore/build_datastore/biological_process_abyssal.csvSample2BiologicalProcessCount,1095,1282,1887,208
file:/home/kai/Desktop/grad_school/marmic/master_thesis/kblumberg_masters_thesis/datastore/build_datastore/biological_process_abyssal.csvSample1BiologicalProcessCount,968,1254,1586,192
file:/home/kai/Desktop/grad_school/marmic/master_thesis/kblumberg_masters_thesis/datastore/build_datastore/biological_process_bathyal.csvSample1BiologicalProcessCount,1084,1218,1849,159
file:/home/kai/Desktop/grad_school/marmic/master_thesis/kblumberg_masters_thesis/datastore/build_datastore/biological_process_bathyal.csvSample2BiologicalProcessCount,1312,1812,2315,200
file:/home/kai/Desktop/grad_school/marmic/master_thesis/kblumberg_masters_thesis/datastore/build_datastore/biological_process_neritic.csvSample3BiologicalProcessCount,230,242,401,41
file:/home/kai/Desktop/grad_school/marmic/master_thesis/kblumberg_masters_thesis/datastore/build_datastore/biological_process_neritic.csvSample1BiologicalProcessCount,281,245,447,37
file:/home/kai/Desktop/grad_school/marmic/master_thesis/kblumberg_masters_thesis/datastore/build_datastore/biological_process_neritic.csvSample4BiologicalProcessCount,141,163,456,22
file:/home/kai/Desktop/grad_school/marmic/master_thesis/kblumberg_masters_thesis/datastore/build_datastore/biological_process_neritic.csvSample2BiologicalProcessCount,175,143,442,27
