sample,http://purl.obolibrary.org/obo/GO_0006535,http://purl.obolibrary.org/obo/GO_0006545
file:/home/kai/Desktop/grad_school/marmic/master_thesis/kblumberg_masters_thesis/datastore/build_datastore/biological_process_abyssal.csvSample2BiologicalProcessCount,70,287
file:/home/kai/Desktop/grad_school/marmic/master_thesis/kblumberg_masters_thesis/datastore/build_datastore/biological_process_abyssal.csvSample1BiologicalProcessCount,69,221
file:/home/kai/Desktop/grad_school/marmic/master_thesis/kblumberg_masters_thesis/datastore/build_datastore/biological_process_bathyal.csvSample1BiologicalProcessCount,74,247
file:/home/kai/Desktop/grad_school/marmic/master_thesis/kblumberg_masters_thesis/datastore/build_datastore/biological_process_bathyal.csvSample2BiologicalProcessCount,81,278
file:/home/kai/Desktop/grad_school/marmic/master_thesis/kblumberg_masters_thesis/datastore/build_datastore/biological_process_neritic.csvSample1BiologicalProcessCount,39,50
file:/home/kai/Desktop/grad_school/marmic/master_thesis/kblumberg_masters_thesis/datastore/build_datastore/biological_process_neritic.csvSample4BiologicalProcessCount,26,35
file:/home/kai/Desktop/grad_school/marmic/master_thesis/kblumberg_masters_thesis/datastore/build_datastore/biological_process_neritic.csvSample2BiologicalProcessCount,22,32
file:/home/kai/Desktop/grad_school/marmic/master_thesis/kblumberg_masters_thesis/datastore/build_datastore/biological_process_neritic.csvSample3BiologicalProcessCount,37,66
