sample,http://purl.obolibrary.org/obo/GO_0006529,http://purl.obolibrary.org/obo/GO_0006542,http://purl.obolibrary.org/obo/GO_0009098,http://purl.obolibrary.org/obo/GO_0006545,http://purl.obolibrary.org/obo/GO_0006535,http://purl.obolibrary.org/obo/GO_0009086,http://purl.obolibrary.org/obo/GO_0006571,http://purl.obolibrary.org/obo/GO_0000105,http://purl.obolibrary.org/obo/GO_0006526,http://purl.obolibrary.org/obo/GO_0006537,http://purl.obolibrary.org/obo/GO_0009089,http://purl.obolibrary.org/obo/GO_0006523,http://purl.obolibrary.org/obo/GO_0019281,http://purl.obolibrary.org/obo/GO_0009094
file:/home/kai/Desktop/grad_school/marmic/master_thesis/kblumberg_masters_thesis/datastore/build_datastore/biological_process_abyssal.csvSample2BiologicalProcessCount,1887,452,459,287,70,1282,440,2959,1336,1793,1095,88,208,436
file:/home/kai/Desktop/grad_school/marmic/master_thesis/kblumberg_masters_thesis/datastore/build_datastore/biological_process_abyssal.csvSample1BiologicalProcessCount,1586,393,396,221,69,1254,399,2803,1282,1737,968,75,192,352
file:/home/kai/Desktop/grad_school/marmic/master_thesis/kblumberg_masters_thesis/datastore/build_datastore/biological_process_bathyal.csvSample1BiologicalProcessCount,1849,342,353,247,74,1218,343,2834,1262,1779,1084,59,159,403
file:/home/kai/Desktop/grad_school/marmic/master_thesis/kblumberg_masters_thesis/datastore/build_datastore/biological_process_bathyal.csvSample2BiologicalProcessCount,2315,501,525,278,81,1812,486,3617,1542,2374,1312,83,200,521
file:/home/kai/Desktop/grad_school/marmic/master_thesis/kblumberg_masters_thesis/datastore/build_datastore/biological_process_neritic.csvSample1BiologicalProcessCount,447,405,168,50,39,245,120,913,480,593,281,76,37,83
file:/home/kai/Desktop/grad_school/marmic/master_thesis/kblumberg_masters_thesis/datastore/build_datastore/biological_process_neritic.csvSample4BiologicalProcessCount,456,183,75,35,26,163,54,473,223,272,141,35,22,40
file:/home/kai/Desktop/grad_school/marmic/master_thesis/kblumberg_masters_thesis/datastore/build_datastore/biological_process_neritic.csvSample2BiologicalProcessCount,442,226,83,32,22,143,51,514,251,313,175,40,27,55
file:/home/kai/Desktop/grad_school/marmic/master_thesis/kblumberg_masters_thesis/datastore/build_datastore/biological_process_neritic.csvSample3BiologicalProcessCount,401,384,134,66,37,242,99,848,359,473,230,70,41,83
